INSERT INTO projects (id, title, category, funding_goal, start_date, end_date) VALUES
(1, "Somebody Someone", "Nu-metal", 10000, 1999, 2019),
(2, "Ball Tongue", "Nu-metal", 20000, 1990, 2019),
(3, "Got the Life", "Nu-metal", 30000, 1998, 2019),
(4, "Let the Guilt go", "not nu-metal", 5000, 2017, 2019),
(5, "Kill You", "nu-metal", 40000, 1996, 2019),
(6, "Spike in my Veins", "nu-metal", 8000, 2016, 2019),
(7, "Falling away from me", "nu-metal", 2500, 1999, 2015),
(8, "Did my time", "metal", 45000, 2001, 2017),
(9, "Wake up hate", "metal", 6000, 2002, 2018),
(10, "4U", "sappy", 90000, 1991, 2019);

INSERT INTO users (id, name, age) VALUES
(1, "Amy", 20),
(2, "Sally", 21),
(3, "Danny", 29),
(4, "Tammy", 34),
(5, "Ron", 45),
(6, "Leslie", 36),
(7, "Ann", 33),
(8, "Ben", 36),
(9, "April", 21),
(10, "Andy", 28),
(11, "Jerry", 50),
(12, "Larry", 51),
(13, "Gerry", 25),
(14, "Thomas", 65),
(15, "Red", 66),
(16, "Ivan", 58),
(17, "Selene", 57),
(18, "Natalia", 54),
(19, "Anastassia", 33),
(20, "Mike", 40);

-- INSERT INTO pledges (id, amount, user_id, project_id) VALUES
-- (1, 5, 2, 6),
-- (2, 20, 3, 4),
-- (3, 12, 5, 9),
-- (4, 40, 20, 10),
-- (5, 10, 14, 5),
-- (6, 14, 11, 7),
-- (7,45, 18, 8),
-- (8, 5, 12, 3),
-- (9, 9, 7, 7),
-- (10, 18, 19, 2),
-- (11, 4, 9, 3),
-- (12, 8, 10, 10),
-- (13, 4, 7, 8),
-- (14, 1, 1, 1),
-- (15, 9, 12, 1),
-- (16, 30, 5, 3),
-- (17, 15, 19, 6),
-- (18, 67, 16, 8),
-- (19, 34, 13, 8),
-- (20, 20, 11, 7)
-- (21, 2, 16, 4),
-- (22, 7, 7, 2),
-- (23, 4, 18, 3),
-- (24, 9, 16, 5),
-- (25, 4, 12, 3),
-- (26, 18, 18, 8),
-- (27, 22, 3, 4),
-- (28, 39, 15, 1),
-- (29, 4, 17, 7),
-- (30, 9, 6, 10);

INSERT INTO pledges (id, amount, user_id, project_id) VALUES
(1, 10.00, 1, 2),
(2, 20.00, 1, 3),
(3, 40.00, 1, 4),
(4, 50.00, 2, 3),
(5, 10.00, 3, 2),
(6, 20.00, 4, 4),
(7, 40.00, 5, 10),
(8, 60.00, 6, 10),
(9, 50.00, 7, 9),
(10, 700.00, 8, 8),
(11, 1000.00, 8, 7),
(12, 40.00, 9, 6),
(13, 50.00, 9, 3),
(14, 50.00, 10, 4),
(15, 24.00, 12, 1),
(16, 34.00, 11, 1),
(17, 12.00, 13, 6),
(18, 19.00, 14, 5),
(19, 20.00, 15, 5),
(20, 40.00, 16, 6),
(21, 35.50, 17, 7),
(22, 40.00, 18, 8),
(23, 60.00, 19, 9),
(24, 70.00, 20, 10),
(25, 100.00, 20, 4),
(26, 40.00, 19, 1),
(27, 20.00, 18, 6),
(28, 90.00, 17, 9),
(29, 230.00, 16, 6),
(30, 450.00, 15, 5);
